,Day,Tube,Treatment,Count,mean.size,sd.size
7,12,2,Constant,40,70.8075,8.863473266
8,13,2,Constant,60,74.9,11.38779464
9,14,2,Constant,40,74.23,4.926134387
10,15,2,Constant,70,76.61857143,3.779618272
11,16,2,Constant,30,NA,NA
12,17,2,Constant,50,70.0425,3.079625248
13,18,2,Constant,40,68.57,5.274599511
14,19,2,Constant,70,70.615,3.102784234
15,20,2,Constant,60,66.61833333,5.967138063
16,21,2,Constant,60,66.92666667,3.296366687
17,22,2,Constant,60,64.23,5.615060107
18,23,2,Constant,90,67.96375,5.550768126
19,24,2,Constant,130,65.39777778,4.576979839
20,25,2,Constant,140,61.86357143,4.919411483
21,26,2,Constant,70,57.408,7.317446276
22,27,2,Constant,10,59.78,11.7521147
23,28,2,Constant,90,60.146,8.261884168
24,29,2,Constant,90,67.96125,3.582116045
25,30,2,Constant,90,62.35375,7.020988814
26,31,2,Constant,60,63.375,3.679615016
27,32,2,Constant,80,66.09142857,3.967826561
28,33,2,Constant,70,64.63857143,3.530426927
29,34,2,Constant,60,70.882,4.434384963
30,35,2,Constant,70,62.56,11.93011316
31,36,2,Constant,120,79.69,11.80304622
32,37,2,Constant,50,72.132,4.231710056
33,38,2,Constant,70,77.338,10.53986575
34,39,2,Constant,100,75.23333333,4.985369261
35,40,2,Constant,60,74.182,14.27263711
36,41,2,Constant,90,69.90428571,11.40344664
37,42,2,Constant,100,70.26285714,6.365913693
38,43,2,Constant,90,72.31833333,9.516140849
39,44,2,Constant,90,66.8575,6.766878897
40,45,2,Constant,90,75.128,6.804003968
47,12,4,Constant,80,73.07,8.000742466
48,13,4,Constant,80,62.31833333,7.77778996
49,14,4,Constant,110,67.23714286,7.089101293
50,15,4,Constant,70,74.24333333,3.79602248
51,16,4,Constant,80,61.28666667,6.911543002
52,17,4,Constant,130,64.21333333,8.369985699
53,18,4,Constant,90,66.11818182,7.419980887
54,19,4,Constant,90,67.75857143,6.299934996
55,20,4,Constant,90,59.62,6.206337487
56,21,4,Constant,80,60.94833333,5.743979167
57,22,4,Constant,90,61.52125,7.375973422
58,23,4,Constant,140,64.12,4.941168167
59,24,4,Constant,100,60.213,7.315413029
60,25,4,Constant,80,61.57142857,5.60428535
61,26,4,Constant,130,57.474,2.101792092
62,27,4,Constant,120,59.53818182,10.75376847
63,28,4,Constant,80,63.102,7.075914782
64,29,4,Constant,100,60.15428571,4.06709502
65,30,4,Constant,80,60.282,7.635241974
66,31,4,Constant,150,62.595,6.17806604
67,32,4,Constant,60,65.2425,12.71905755
68,33,4,Constant,70,59.14571429,4.869427951
69,34,4,Constant,60,60.15666667,7.1612336
70,35,4,Constant,120,60.06555556,3.168316237
71,36,4,Constant,90,63.33333333,4.756768065
72,37,4,Constant,120,65.41875,5.645871912
73,38,4,Constant,120,69.557,5.112983582
74,39,4,Constant,70,60.61333333,1.520206126
75,40,4,Constant,140,62.88333333,4.673313664
76,41,4,Constant,150,65.48583333,5.031380541
77,42,4,Constant,80,70.05666667,3.588597683
78,43,4,Constant,70,61.825,6.003008412
79,44,4,Constant,110,69.2925,15.7595672
80,45,4,Constant,110,62.25555556,7.469807747
87,12,5,Constant,50,64.1925,4.063302228
88,13,5,Constant,60,65.35666667,3.969412215
89,14,5,Constant,90,66.45090909,7.638097217
90,15,5,Constant,20,58.215,4.744686502
91,16,5,Constant,90,61.53,3.140127386
92,17,5,Constant,90,60.89875,8.018992522
93,18,5,Constant,110,64.822,4.875906298
94,19,5,Constant,60,63.91333333,5.104755952
95,20,5,Constant,130,60.55,4.885035824
96,21,5,Constant,130,57.93857143,6.283028539
97,22,5,Constant,80,60.21714286,4.46673152
98,23,5,Constant,120,59.5775,11.22011045
99,24,5,Constant,130,60.17111111,3.788899723
100,25,5,Constant,120,60.1525,6.336404456
101,26,5,Constant,110,59.72571429,9.555626366
102,27,5,Constant,90,62.51333333,5.953549082
103,28,5,Constant,100,62.67428571,3.198285255
104,29,5,Constant,80,60.06,8.124370745
105,30,5,Constant,90,57.09777778,10.13334444
106,31,5,Constant,120,62.08909091,7.822208709
107,32,5,Constant,140,67.386,4.633012459
108,33,5,Constant,70,59.06333333,7.689313797
109,34,5,Constant,80,64.38428571,7.302282422
110,35,5,Constant,20,63.37,4.808326112
111,36,5,Constant,90,67.92,7.729920763
112,37,5,Constant,70,61.37833333,15.99781287
113,38,5,Constant,90,66.77714286,5.05812124
114,39,5,Constant,130,67.28733333,5.437750936
115,40,5,Constant,50,68.795,5.381082605
116,41,5,Constant,130,68.01333333,6.480727325
117,42,5,Constant,50,69.126,7.545331669
118,43,5,Constant,90,65.20333333,11.09678482
119,44,5,Constant,80,65.70333333,4.355873429
120,45,5,Constant,80,67.238,3.197971232
127,12,6,Constant,40,78.6025,4.612341235
128,13,6,Constant,50,70.1725,6.967770447
129,14,6,Constant,60,68.68666667,9.399395371
130,15,6,Constant,100,65.94714286,9.552890861
131,16,6,Constant,40,60.53666667,2.341288819
132,17,6,Constant,80,66.70285714,6.701757765
133,18,6,Constant,10,68.32,NA
134,19,6,Constant,50,66.432,6.846924127
135,20,6,Constant,80,55.192,11.97355712
136,21,6,Constant,90,62.81222222,5.50659554
137,22,6,Constant,120,65.46111111,5.254896394
138,23,6,Constant,70,72.96666667,5.066709649
139,24,6,Constant,70,70.88,8.329717882
140,25,6,Constant,80,61.5325,8.651800391
141,26,6,Constant,90,65.76857143,4.445193766
142,27,6,Constant,70,66.628,3.998721046
143,28,6,Constant,90,66.47857143,8.50230445
144,29,6,Constant,20,58.965,1.887975106
145,30,6,Constant,100,67.975,6.741011052
146,31,6,Constant,100,68.26857143,6.995239878
147,32,6,Constant,30,71.175,19.28280192
148,33,6,Constant,30,60.32666667,7.595685179
149,34,6,Constant,50,67.2075,6.520354668
150,35,6,Constant,110,66.37777778,5.09046849
151,36,6,Constant,50,65.98,3.781329131
152,37,6,Constant,80,68.7175,7.6030712
153,38,6,Constant,110,65.57777778,6.013320168
154,39,6,Constant,10,64.4225,6.596427063
155,40,6,Constant,130,67.226,4.76302215
156,41,6,Constant,140,63.995,7.469567145
157,42,6,Constant,120,71.2,5.068984119
158,43,6,Constant,100,64.248,8.134159521
159,44,6,Constant,70,70.87,7.684976686
160,45,6,Constant,120,63.44428571,8.260506153
167,12,7,Constant,60,57.61,NA
168,13,7,Constant,80,72.7525,9.359887375
169,14,7,Constant,60,69.76285714,8.216908815
170,15,7,Constant,90,67.06428571,5.023759738
171,16,7,Constant,80,60.03,13.44125862
172,17,7,Constant,80,65.4325,5.827618357
173,18,7,Constant,100,65.31571429,7.047129101
174,19,7,Constant,60,68.346,10.05866691
175,20,7,Constant,100,64.1025,6.453870931
176,21,7,Constant,60,61.29,2.80126757
177,22,7,Constant,60,65.056,4.833304253
178,23,7,Constant,120,62.43875,8.845703457
179,24,7,Constant,140,58.50769231,6.887285573
180,25,7,Constant,120,60.43571429,6.676113783
181,26,7,Constant,80,56.21,8.93823025
182,27,7,Constant,100,64.25714286,7.018083106
183,28,7,Constant,150,63.36,6.823088953
184,29,7,Constant,90,58.09125,5.346244176
185,30,7,Constant,80,59.54666667,6.248141057
186,31,7,Constant,110,63.97545455,7.831698875
187,32,7,Constant,80,60.365,2.847285257
188,33,7,Constant,80,61.852,11.72786085
189,34,7,Constant,90,60.10666667,5.600410699
190,35,7,Constant,100,57.695,3.960417907
191,36,7,Constant,120,63.126,9.220262951
192,37,7,Constant,100,58.595,9.985200549
193,38,7,Constant,60,55.035,17.24633439
194,39,7,Constant,90,60.088,4.017507934
195,40,7,Constant,30,66.73,7.438763338
196,41,7,Constant,150,61.288,6.596434727
197,42,7,Constant,110,63.67857143,3.243878484
198,43,7,Constant,70,57.97,8.147030134
199,44,7,Constant,110,61.57538462,7.599793435
200,45,7,Constant,100,61.91166667,6.716693879
207,12,9,Constant,60,70.515,8.110464434
208,13,9,Constant,80,54.645,12.62886772
209,14,9,Constant,40,70.415,10.17526658
210,15,9,Constant,30,63.545,6.229610742
211,16,9,Constant,10,NA,NA
212,17,9,Constant,70,63.68,11.90418414
213,18,9,Constant,90,65.39777778,10.85951631
214,19,9,Constant,140,66.85785714,6.348779627
215,20,9,Constant,100,62.28333333,10.21197859
216,21,9,Constant,110,58.325,8.261791573
217,22,9,Constant,100,59.64857143,11.64127202
218,23,9,Constant,120,59.282,8.505657986
219,24,9,Constant,50,NA,NA
220,25,9,Constant,70,60.64666667,3.472766428
221,26,9,Constant,130,61.13090909,6.526937191
222,27,9,Constant,90,59.92875,4.119307978
223,28,9,Constant,100,62.83666667,6.437666503
224,29,9,Constant,60,62.412,6.694189271
225,30,9,Constant,80,66.905,3.855226508
226,31,9,Constant,80,62.01285714,2.723109217
227,32,9,Constant,100,60.32428571,2.925980503
228,33,9,Constant,30,60.68,5.248399756
229,34,9,Constant,110,67.80285714,4.141129936
230,35,9,Constant,80,63.89857143,5.232505546
231,36,9,Constant,100,59.413,8.460823509
232,37,9,Constant,50,68.06666667,7.61922787
233,38,9,Constant,60,58.19,1.767766953
234,39,9,Constant,80,62.825,9.524455365
235,40,9,Constant,130,63.08545455,6.184157766
236,41,9,Constant,120,62.57,10.13816661
237,42,9,Constant,110,68.35,11.62483548
238,43,9,Constant,50,65.55,4.183021237
239,44,9,Constant,100,62.92666667,7.431432343
240,45,9,Constant,100,59.05333333,4.360932622
247,12,10,Constant,90,66.70333333,5.601419463
248,13,10,Constant,160,68.12461538,6.045029109
249,14,10,Constant,50,66.326,4.366455084
250,15,10,Constant,100,63.362,8.702360855
251,16,10,Constant,80,66.03285714,3.170739736
252,17,10,Constant,70,64.312,5.406710645
253,18,10,Constant,60,55.77,NA
254,19,10,Constant,60,65.38666667,6.553813139
255,20,10,Constant,100,61.98125,7.280830874
256,21,10,Constant,80,63.2275,7.900571182
257,22,10,Constant,100,64.89875,7.410736299
258,23,10,Constant,130,67.24444444,6.476498111
259,24,10,Constant,90,67.292,5.522831701
260,25,10,Constant,90,65.60285714,5.272348352
261,26,10,Constant,70,58.82,6.594835642
262,27,10,Constant,70,65.735,10.83827431
263,28,10,Constant,90,61.295,2.283954903
264,29,10,Constant,70,66.09,5.936904918
265,30,10,Constant,110,66.28833333,13.0947615
266,31,10,Constant,100,66.7,5.204248265
267,32,10,Constant,80,67.4475,5.061965198
268,33,10,Constant,90,63.83428571,4.140800475
269,34,10,Constant,50,72.185,7.686826393
270,35,10,Constant,50,60.58,5.325679925
271,36,10,Constant,60,73.235,3.916696312
272,37,10,Constant,110,63.71444444,5.023442821
273,38,10,Constant,70,72.918,7.451229429
274,39,10,Constant,120,78.23,NA
275,40,10,Constant,150,67.52818182,5.235364014
276,41,10,Constant,50,64.57,9.924363959
277,42,10,Constant,150,68.67166667,9.549428192
278,43,10,Constant,80,61.63,NA
279,44,10,Constant,100,71.31,13.05582118
280,45,10,Constant,120,65.95375,5.801659707
287,12,11,Constant,70,90.64,NA
288,13,11,Constant,130,61.84454545,8.303156464
289,14,11,Constant,90,60.074,9.079338082
290,15,11,Constant,140,63.58769231,6.101728107
291,16,11,Constant,90,59.99,2.910316625
292,17,11,Constant,50,72.26666667,3.680547966
293,18,11,Constant,110,64.06833333,9.413935238
294,19,11,Constant,140,59.15214286,9.510360487
295,20,11,Constant,50,57.2825,5.764115283
296,21,11,Constant,110,59.67625,5.72075404
297,22,11,Constant,60,64.118,7.989453673
298,23,11,Constant,130,60.88444444,4.406027437
299,24,11,Constant,90,60.61428571,5.233271307
300,25,11,Constant,90,58.63,7.504547954
301,26,11,Constant,140,58.145,4.324049028
302,27,11,Constant,80,61.8075,2.673666334
303,28,11,Constant,80,65.67,3.957031716
304,29,11,Constant,110,63.60142857,3.580211486
305,30,11,Constant,120,65.34875,4.784443355
306,31,11,Constant,60,66.434,7.151134875
307,32,11,Constant,70,65.75333333,7.860128922
308,33,11,Constant,80,61.65166667,7.823151326
309,34,11,Constant,80,66.022,6.674224299
310,35,11,Constant,80,65.96,7.255100275
311,36,11,Constant,120,62.23272727,3.964550645
312,37,11,Constant,80,65.73,5.8672958
313,38,11,Constant,70,62.12666667,4.469011822
314,39,11,Constant,170,64.3525,4.273291525
315,40,11,Constant,60,66.55,8.329717882
316,41,11,Constant,80,64.748,5.960257545
317,42,11,Constant,40,63.68333333,3.20331599
318,43,11,Constant,110,64.79428571,6.102589224
319,44,11,Constant,120,62.81416667,6.244873473
320,45,11,Constant,120,61.74666667,7.688435038
327,12,12,Constant,20,67.405,4.829539316
328,13,12,Constant,70,63.0975,3.418745593
329,14,12,Constant,60,65.49,4.148268715
330,15,12,Constant,60,68.9775,5.184537106
331,16,12,Constant,30,73.75,1.48492424
332,17,12,Constant,70,62.544,3.060192804
333,18,12,Constant,90,59.39,6.017446856
334,19,12,Constant,50,66.5225,9.141762686
335,20,12,Constant,40,60.095,7.192146179
336,21,12,Constant,50,60.595,4.003943889
337,22,12,Constant,110,56.43555556,9.186630382
338,23,12,Constant,130,NA,NA
339,24,12,Constant,100,61.024,9.074673181
340,25,12,Constant,100,60.7025,4.325088769
341,26,12,Constant,90,56.39428571,6.907232579
342,27,12,Constant,120,58.62583333,7.977679611
343,28,12,Constant,40,65.4275,3.093696548
344,29,12,Constant,170,62.11153846,5.994319319
345,30,12,Constant,120,64.15625,5.703269582
346,31,12,Constant,110,63.22875,5.588974957
347,32,12,Constant,100,65.5425,5.928897452
348,33,12,Constant,100,59.66555556,5.173867294
349,34,12,Constant,70,65.67,8.974541771
350,35,12,Constant,80,61.262,10.82133864
351,36,12,Constant,110,66.60142857,9.219595849
352,37,12,Constant,100,57.2225,8.730534062
353,38,12,Constant,150,66.735,7.851361781
354,39,12,Constant,140,56.92,NA
355,40,12,Constant,120,58.34833333,4.737456772
356,41,12,Constant,130,55.485,7.629682169
357,42,12,Constant,130,59.62846154,7.890779267
358,43,12,Constant,160,61.59416667,4.327708733
359,44,12,Constant,70,60.37285714,4.33105343
360,45,12,Constant,170,62.07533333,5.214949482
367,12,14,Constant,20,63.1,NA
368,13,14,Constant,10,68.59,NA
369,14,14,Constant,80,75.01666667,5.292310145
370,15,14,Constant,10,70.91,NA
371,16,14,Constant,50,74.805,11.08599266
372,17,14,Constant,20,62.81,NA
373,18,14,Constant,40,73.15,8.015081617
374,19,14,Constant,80,68.06,2.985280556
375,20,14,Constant,20,54.13,NA
376,21,14,Constant,40,62.12666667,3.570886911
377,22,14,Constant,40,69.57,1.513208512
378,23,14,Constant,50,62.578,6.105953652
379,24,14,Constant,60,65.344,5.752588982
380,25,14,Constant,100,64.50166667,3.007500069
381,26,14,Constant,60,NA,NA
382,27,14,Constant,80,62.115,3.956242806
383,28,14,Constant,100,65.74833333,3.215440353
384,29,14,Constant,70,60.332,1.711992991
385,30,14,Constant,130,63.14111111,6.063345703
386,31,14,Constant,70,65.22875,3.501087331
387,32,14,Constant,40,64.825,4.060328804
388,33,14,Constant,100,61.006,9.071539561
389,34,14,Constant,120,62.595,7.645957756
390,35,14,Constant,60,63.3325,7.60062004
391,36,14,Constant,100,60.3325,2.310993654
392,37,14,Constant,130,60.27818182,5.075079937
393,38,14,Constant,80,61.3325,7.32820294
394,39,14,Constant,90,58.608,10.39328485
395,40,14,Constant,100,58.427,4.909711578
396,41,14,Constant,70,51.73,NA
397,42,14,Constant,90,66.3525,2.223412756
398,43,14,Constant,160,56.82666667,3.986929403
399,44,14,Constant,150,63.69666667,5.864586064
400,45,14,Constant,100,64.66625,7.211542212
407,12,15,Constant,20,76.425,20.42831491
408,13,15,Constant,90,71.96,3.983026487
409,14,15,Constant,20,70.695,2.906208871
410,15,15,Constant,80,71.91428571,7.776485618
411,16,15,Constant,40,73.545,2.128391411
412,17,15,Constant,20,74.83,NA
413,18,15,Constant,40,82.73,8.936061772
414,19,15,Constant,60,72.64,9.4166059
415,20,15,Constant,10,NA,NA
416,21,15,Constant,10,77.94,NA
417,22,15,Constant,50,61.79,1.939604771
418,23,15,Constant,10,70.76,NA
419,24,15,Constant,50,67.045,7.751152602
420,25,15,Constant,20,59.795,4.81539718
421,26,15,Constant,60,NA,NA
422,27,15,Constant,30,68.15,8.448236502
423,28,15,Constant,60,65.1875,4.537850997
424,29,15,Constant,110,66.77888889,7.991890334
425,30,15,Constant,80,67.52285714,7.319263884
426,31,15,Constant,20,70.985,12.74913526
427,32,15,Constant,50,69.198,4.930458397
428,33,15,Constant,30,72.36,NA
429,34,15,Constant,90,76.22,11.59023727
430,35,15,Constant,100,65.89571429,3.468932867
431,36,15,Constant,110,69.95428571,4.85365449
432,37,15,Constant,50,71.115,8.63708863
433,38,15,Constant,30,74.88,9.801545796
434,39,15,Constant,90,68.16666667,7.938454929
435,40,15,Constant,60,68.66,NA
436,41,15,Constant,70,76.50833333,7.743620385
437,42,15,Constant,70,66.52,NA
438,43,15,Constant,80,66.79714286,7.131390033
439,44,15,Constant,60,67.576,10.67114005
440,45,15,Constant,120,66.38,9.38395439
447,12,16,Fast,20,NA,NA
448,13,16,Fast,100,66.70666667,4.998479769
449,14,16,Fast,50,NA,NA
450,15,16,Fast,60,65.02142857,4.973621848
451,16,16,Fast,50,68.27,NA
452,17,16,Fast,80,67.74125,8.900023174
453,18,16,Fast,40,71.025,0.28991378
454,19,16,Fast,90,63.38166667,6.349593425
455,20,16,Fast,30,62.645,3.069478783
456,21,16,Fast,40,57.2775,3.390215087
457,22,16,Fast,20,61.92,NA
458,23,16,Fast,80,61.8925,3.983970561
459,24,16,Fast,40,57.69333333,7.866831213
460,25,16,Fast,50,57.365,10.40581408
461,26,16,Fast,60,53.8425,7.276488966
462,27,16,Fast,30,62.185,4.080006127
463,28,16,Fast,20,46.92,NA
464,29,16,Fast,10,38.51,NA
465,30,16,Fast,10,57.3,NA
466,31,16,Fast,0,NA,NA
467,32,16,Fast,0,NA,NA
468,33,16,Fast,0,NA,NA
469,34,16,Fast,0,NA,NA
476,12,21,Fast,120,67.13142857,4.996366152
477,13,21,Fast,90,NA,NA
478,14,21,Fast,80,53.82571429,10.2349269
479,15,21,Fast,50,64.915,4.052525961
480,16,21,Fast,130,59.93,8.529874773
481,17,21,Fast,50,72.995,1.449568901
482,18,21,Fast,60,66.73,5.253830349
483,19,21,Fast,60,67.52166667,6.519366278
484,20,21,Fast,60,63.013,5.997805247
485,21,21,Fast,50,NA,NA
486,22,21,Fast,100,57.0175,2.803573612
487,23,21,Fast,120,62.33363636,6.271902858
488,24,21,Fast,30,61.94333333,4.762964763
489,25,21,Fast,20,50.905,1.788980156
490,26,21,Fast,60,48.54666667,8.351913952
491,27,21,Fast,70,47.33666667,4.635755961
492,28,21,Fast,60,41.828,7.006480572
493,29,21,Fast,20,31.98,2.927422074
494,30,21,Fast,30,41.48,NA
495,31,21,Fast,30,36.28666667,1.487357836
496,32,21,Fast,10,30.45,NA
497,33,21,Fast,0,NA,NA
498,34,21,Fast,0,NA,NA
505,12,22,Fast,50,68.3025,5.165935701
506,13,22,Fast,30,68.27,14.19678837
507,14,22,Fast,90,72.80875,7.214957554
508,15,22,Fast,30,67.61333333,10.09597114
509,16,22,Fast,50,62.1275,3.38246828
510,17,22,Fast,50,61.65,0.841308505
511,18,22,Fast,100,71.07428571,5.756262842
512,19,22,Fast,110,71.18875,6.793054094
513,20,22,Fast,10,60.88,NA
514,21,22,Fast,50,63.33666667,3.314488397
515,22,22,Fast,70,59.636,3.259943251
516,23,22,Fast,80,56.4925,8.456462871
517,24,22,Fast,50,60.675,3.887214084
518,25,22,Fast,100,54.26727273,6.830468638
519,26,22,Fast,20,48.93,1.626345597
520,27,22,Fast,30,51.31,11.48590005
521,28,22,Fast,50,52.4,8.063572409
522,29,22,Fast,30,36.38333333,5.35399228
523,30,22,Fast,10,NA,NA
524,31,22,Fast,0,NA,NA
525,32,22,Fast,20,34.16,NA
526,33,22,Fast,0,NA,NA
527,34,22,Fast,0,NA,NA
534,12,23,Fast,100,66.221,5.337913554
535,13,23,Fast,100,60.62666667,6.327003635
536,14,23,Fast,100,55.46125,14.16657882
537,15,23,Fast,60,64.19,1.835265648
538,16,23,Fast,70,69.634,10.82960202
539,17,23,Fast,60,60.3325,11.70302062
540,18,23,Fast,110,67.984,7.879291212
541,19,23,Fast,100,65.81428571,4.755918618
542,20,23,Fast,50,63.994,5.298110984
543,21,23,Fast,100,60.09444444,5.196128634
544,22,23,Fast,60,67.13,3.667282373
545,23,23,Fast,100,59.628,7.386783693
546,24,23,Fast,70,59.58166667,5.984274114
547,25,23,Fast,30,58.37,2.729432175
548,26,23,Fast,30,52.91,9.814642123
549,27,23,Fast,40,43.31666667,9.392605247
550,28,23,Fast,60,43.16571429,10.36343549
551,29,23,Fast,10,36.6,NA
552,30,23,Fast,20,38.37,NA
553,31,23,Fast,10,37.36,NA
554,32,23,Fast,10,36.24,NA
555,33,23,Fast,0,NA,NA
556,34,23,Fast,0,NA,NA
563,12,25,Fast,50,77.96,4.852109507
564,13,25,Fast,30,75.48,12.99662264
565,14,25,Fast,50,79.98,10.63143766
566,15,25,Fast,20,72.77,NA
567,16,25,Fast,50,NA,NA
568,17,25,Fast,60,74.642,3.601918933
569,18,25,Fast,0,NA,NA
570,19,25,Fast,20,68.455,0.997020561
571,20,25,Fast,40,71.85,2.403261673
572,21,25,Fast,40,67.92,7.116663544
573,22,25,Fast,60,72.634,4.579026097
574,23,25,Fast,20,73.64,1.187939392
575,24,25,Fast,40,65.56,1.096175168
576,25,25,Fast,40,61.8625,4.937498523
577,26,25,Fast,50,70.54,6.409219921
578,27,25,Fast,10,63.83,NA
579,28,25,Fast,60,NA,NA
580,29,25,Fast,10,NA,NA
581,30,25,Fast,10,NA,NA
582,31,25,Fast,0,NA,NA
583,32,25,Fast,0,NA,NA
584,33,25,Fast,0,NA,NA
585,34,25,Fast,0,NA,NA
592,12,26,Fast,90,61.18111111,2.649983228
593,13,26,Fast,90,57.84,8.587722133
594,14,26,Fast,110,65.93272727,6.9891088
595,15,26,Fast,120,59.61111111,4.205970294
596,16,26,Fast,60,56.51,8.789496004
597,17,26,Fast,80,68.21444444,5.588678536
598,18,26,Fast,70,67.82625,7.799485217
599,19,26,Fast,60,73.122,7.154363703
600,20,26,Fast,30,68.79333333,5.280997381
601,21,26,Fast,80,58.99888889,7.040833481
602,22,26,Fast,50,55.61,8.186898069
603,23,26,Fast,90,58.9625,6.522626005
604,24,26,Fast,40,58.15,5.696209266
605,25,26,Fast,60,55.74,7.851222835
606,26,26,Fast,80,53.33285714,7.35244339
607,27,26,Fast,20,NA,NA
608,28,26,Fast,50,48.28,5.785002161
609,29,26,Fast,40,37.72,2.905632461
610,30,26,Fast,20,41.54,2.050609665
611,31,26,Fast,0,NA,NA
612,32,26,Fast,0,NA,NA
613,33,26,Fast,0,NA,NA
614,34,26,Fast,0,NA,NA
621,12,28,Fast,50,65.47,3.82058896
622,13,28,Fast,60,64.726,4.297944858
623,14,28,Fast,10,NA,NA
624,15,28,Fast,50,73.19,4.123493664
625,16,28,Fast,60,70.41,5.28215865
626,17,28,Fast,40,66.196,5.654337273
627,18,28,Fast,80,76.71333333,10.39592356
628,19,28,Fast,70,69.57666667,1.872707487
629,20,28,Fast,30,64.96666667,7.352906455
630,21,28,Fast,100,65.88888889,6.197665779
631,22,28,Fast,50,61.9425,6.87077082
632,23,28,Fast,80,68.65714286,6.030261781
633,24,28,Fast,20,59.87,2.432447327
634,25,28,Fast,10,58.03,NA
635,26,28,Fast,60,43.375,5.412901255
636,27,28,Fast,40,54.944,6.237750396
637,28,28,Fast,10,54.5,NA
638,29,28,Fast,0,NA,NA
639,30,28,Fast,10,NA,NA
640,31,28,Fast,10,37.22,NA
641,32,28,Fast,0,NA,NA
642,33,28,Fast,0,NA,NA
643,34,28,Fast,0,NA,NA
650,12,29,Fast,30,60.42,NA
651,13,29,Fast,90,63.5525,5.542257792
652,14,29,Fast,60,67.98833333,4.09012184
653,15,29,Fast,60,71.076,7.214432064
654,16,29,Fast,70,66.58,6.215873229
655,17,29,Fast,40,67.9325,6.313009715
656,18,29,Fast,30,58.13,NA
657,19,29,Fast,80,67.15333333,5.012308184
658,20,29,Fast,20,66.85,NA
659,21,29,Fast,30,58.22,2.630437226
660,22,29,Fast,80,58.19166667,3.337558489
661,23,29,Fast,30,61.77,8.62670273
662,24,29,Fast,70,58.662,8.426705762
663,25,29,Fast,50,53.97,12.96898608
664,26,29,Fast,50,48.495,9.650217614
665,27,29,Fast,30,44.71,NA
666,28,29,Fast,40,35.27,4.935605333
667,29,29,Fast,50,34.194,5.157221151
668,30,29,Fast,20,32.15666667,4.883588162
669,31,29,Fast,20,37.7,NA
670,32,29,Fast,10,36.04,NA
671,33,29,Fast,0,NA,NA
672,34,29,Fast,0,NA,NA
679,12,30,Fast,50,67.4675,8.806377897
680,13,30,Fast,110,68.05666667,5.613432551
681,14,30,Fast,30,70.39666667,7.750369884
682,15,30,Fast,80,63.686,1.353654313
683,16,30,Fast,70,59.63714286,13.21986474
684,17,30,Fast,10,57.74,NA
685,18,30,Fast,10,NA,NA
686,19,30,Fast,40,76.4025,2.653191474
687,20,30,Fast,20,64.835,0.332340187
688,21,30,Fast,50,67.854,8.207084135
689,22,30,Fast,50,59.796,8.368078035
690,23,30,Fast,30,55.88333333,6.458098275
691,24,30,Fast,80,58.74,7.027227998
692,25,30,Fast,80,58.41,3.735527629
693,26,30,Fast,50,52.085,11.21253614
694,27,30,Fast,10,37.39,NA
695,28,30,Fast,20,50.055,20.40003064
696,29,30,Fast,30,37.23,0.593969696
697,30,30,Fast,30,40.96666667,12.94499646
698,31,30,Fast,0,NA,NA
699,32,30,Fast,20,36.53,NA
700,33,30,Fast,0,NA,NA
701,34,30,Fast,0,NA,NA
708,12,32,Medium,50,67.04666667,11.0280113
709,13,32,Medium,40,72.25,8.938504722
710,14,32,Medium,100,67.706,4.742397073
711,15,32,Medium,110,59.16555556,7.203796067
712,16,32,Medium,90,61.82666667,5.956944407
713,17,32,Medium,70,64.34333333,10.83727979
714,18,32,Medium,50,63.068,3.831170839
715,19,32,Medium,130,65.83153846,9.577344662
716,20,32,Medium,40,67.0225,6.30289021
717,21,32,Medium,40,55.08,NA
718,22,32,Medium,70,61.84,8.855630977
719,23,32,Medium,80,64.56,5.461242663
720,24,32,Medium,90,59.11444444,5.807256476
721,25,32,Medium,60,63.33875,7.072100996
722,26,32,Medium,20,62.77333333,9.018882045
723,27,32,Medium,20,56.29,NA
724,28,32,Medium,20,NA,NA
725,29,32,Medium,20,52.025,9.454017664
726,30,32,Medium,10,NA,NA
727,31,32,Medium,30,59.78333333,15.50997851
728,32,32,Medium,30,53.94,9.609141481
729,33,32,Medium,0,NA,NA
730,34,32,Medium,10,23.13,NA
731,35,32,Medium,0,NA,NA
732,36,32,Medium,0,NA,NA
733,37,32,Medium,0,NA,NA
734,38,32,Medium,0,NA,NA
741,12,33,Medium,30,61.25666667,22.91555003
742,13,33,Medium,60,65.905,5.154728897
743,14,33,Medium,40,62.23,8.432180422
744,15,33,Medium,70,68.438,8.132147318
745,16,33,Medium,40,58.865,8.11051478
746,17,33,Medium,50,65.49666667,6.605530511
747,18,33,Medium,70,66.355,6.544875094
748,19,33,Medium,110,61.52714286,6.981799468
749,20,33,Medium,50,64.562,5.354714745
750,21,33,Medium,30,NA,NA
751,22,33,Medium,100,62.31125,6.921594444
752,23,33,Medium,50,59.58,0.995941765
753,24,33,Medium,90,62.02285714,9.165872779
754,25,33,Medium,70,60.615,4.496806645
755,26,33,Medium,40,61.20333333,9.700908892
756,27,33,Medium,60,57.1775,4.870984671
757,28,33,Medium,50,55.74666667,10.86964734
758,29,33,Medium,60,54.81,10.44724366
759,30,33,Medium,0,NA,NA
760,31,33,Medium,60,59.1075,2.920632066
761,32,33,Medium,40,47.465,16.64990591
762,33,33,Medium,10,NA,NA
763,34,33,Medium,40,36.90333333,2.854651175
764,35,33,Medium,20,51.97,NA
765,36,33,Medium,10,40.89,NA
766,37,33,Medium,20,35.6,4.42648845
767,38,33,Medium,0,NA,NA
768,39,33,Medium,0,NA,NA
775,12,34,Medium,40,68.2775,4.649504454
776,13,34,Medium,130,65.099,5.821161492
777,14,34,Medium,50,68.872,10.73881371
778,15,34,Medium,40,67.525,5.807222515
779,16,34,Medium,60,62.33833333,4.508385151
780,17,34,Medium,110,67.12625,5.511102917
781,18,34,Medium,60,62.502,2.021897624
782,19,34,Medium,130,62.20090909,5.282125433
783,20,34,Medium,50,62.8125,2.738702552
784,21,34,Medium,110,50.275,7.346629613
785,22,34,Medium,40,59.80333333,3.018467602
786,23,34,Medium,20,63.855,2.976919549
787,24,34,Medium,100,55.9025,3.475653073
788,25,34,Medium,50,56.164,2.284793207
789,26,34,Medium,60,59.6925,6.613659476
790,27,34,Medium,100,59.34,5.513427764
791,28,34,Medium,100,54.09571429,10.87846321
792,29,34,Medium,90,49.7675,9.65983104
793,30,34,Medium,50,49.096,8.504556426
794,31,34,Medium,50,49.6075,15.94324178
795,32,34,Medium,50,47.0575,9.44826395
796,33,34,Medium,10,44.48,NA
797,34,34,Medium,20,52.23,22.11830012
798,35,34,Medium,10,30.82,NA
799,36,34,Medium,10,29.91,NA
800,37,34,Medium,10,26.97,NA
801,38,34,Medium,0,NA,NA
802,39,34,Medium,0,NA,NA
809,12,35,Medium,10,71.39,NA
810,13,35,Medium,110,67.16363636,6.904044138
811,14,35,Medium,40,70.665,12.19759198
812,15,35,Medium,30,62.79,7.056925676
813,16,35,Medium,120,57.3675,13.49965277
814,17,35,Medium,90,63.485,5.558409331
815,18,35,Medium,70,64.4675,4.973579362
816,19,35,Medium,80,67.576,5.564744379
817,20,35,Medium,60,62.175,3.717153929
818,21,35,Medium,80,64.02285714,6.532806223
819,22,35,Medium,60,53.324,2.595087667
820,23,35,Medium,50,61.11,6.44125376
821,24,35,Medium,80,52.99875,5.423097263
822,25,35,Medium,100,58.22375,5.654676794
823,26,35,Medium,120,54.46444444,9.633732547
824,27,35,Medium,20,59.965,3.754737008
825,28,35,Medium,90,58.42166667,10.6872923
826,29,35,Medium,70,52.09666667,4.140563569
827,30,35,Medium,30,NA,NA
828,31,35,Medium,50,50.5625,10.89326206
829,32,35,Medium,20,55.96,NA
830,33,35,Medium,20,48.31,9.517657275
831,34,35,Medium,30,44.77,5.409778184
832,35,35,Medium,10,NA,NA
833,36,35,Medium,10,42.43,NA
834,37,35,Medium,0,NA,NA
835,38,35,Medium,10,36.6,NA
836,39,35,Medium,0,NA,NA
837,40,35,Medium,0,NA,NA
838,41,35,Medium,0,NA,NA
845,12,38,Medium,30,69.08333333,1.457955189
846,13,38,Medium,90,65.48285714,4.023198207
847,14,38,Medium,40,NA,NA
848,15,38,Medium,20,68.51,4.341635636
849,16,38,Medium,60,64.6,NA
850,17,38,Medium,60,61.92,3.059193794
851,18,38,Medium,50,65.88,6.611319838
852,19,38,Medium,40,70.565,0.332340187
853,20,38,Medium,30,66.29333333,14.1361428
854,21,38,Medium,60,60.7,5.855840389
855,22,38,Medium,80,59.21,2.65096209
856,23,38,Medium,60,61.2,5.927693481
857,24,38,Medium,110,60.055,4.521238768
858,25,38,Medium,70,56.96,3.839505176
859,26,38,Medium,50,52.596,1.871825312
860,27,38,Medium,50,55.865,2.736503243
861,28,38,Medium,70,60.26,9.973833265
862,29,38,Medium,20,49.93,NA
863,30,38,Medium,20,58.15,2.630437226
864,31,38,Medium,50,54.614,11.55722415
865,32,38,Medium,10,62.68,NA
866,33,38,Medium,40,40.575,7.261986643
867,34,38,Medium,10,33.32,NA
868,35,38,Medium,0,NA,NA
869,36,38,Medium,10,33.69,NA
870,37,38,Medium,10,33.32,9.616652224
871,38,38,Medium,0,NA,NA
872,39,38,Medium,0,NA,NA
879,12,40,Medium,100,64.34222222,4.19409638
880,13,40,Medium,40,65.502,11.36500638
881,14,40,Medium,30,78.05333333,7.610087604
882,15,40,Medium,40,64.83,5.688672956
883,16,40,Medium,120,64.614,7.651071385
884,17,40,Medium,40,50.93333333,16.01519695
885,18,40,Medium,80,62.27333333,4.1343617
886,19,40,Medium,70,66.70285714,6.395184945
887,20,40,Medium,40,64.0725,2.504906851
888,21,40,Medium,50,63.48,12.44336369
889,22,40,Medium,40,59.48,4.241285183
890,23,40,Medium,100,63.75125,5.310586294
891,24,40,Medium,30,67.84666667,5.614840455
892,25,40,Medium,20,55.08,NA
893,26,40,Medium,70,56.725,7.821359856
894,27,40,Medium,20,NA,NA
895,28,40,Medium,60,55.28,3.877937596
896,29,40,Medium,100,58.44777778,5.919898179
897,30,40,Medium,50,51.6125,9.829731685
898,31,40,Medium,40,59.56,17.0695577
899,32,40,Medium,0,NA,NA
900,33,40,Medium,20,30.78,NA
901,34,40,Medium,20,39.935,9.355022715
902,35,40,Medium,10,41.45,NA
903,36,40,Medium,20,33.05,NA
904,37,40,Medium,0,NA,NA
905,38,40,Medium,0,NA,NA
912,12,41,Medium,20,64.07,2.644579362
913,13,41,Medium,60,67.2,2.377295382
914,14,41,Medium,110,63.615,6.528043352
915,15,41,Medium,60,60.84,2.393003691
916,16,41,Medium,90,65.66666667,2.798025494
917,17,41,Medium,20,63.17,NA
918,18,41,Medium,60,63.18,7.294066081
919,19,41,Medium,90,65.214,5.27070963
920,20,41,Medium,60,59.255,4.851917147
921,21,41,Medium,40,58.7475,4.208549829
922,22,41,Medium,100,58.575,6.079640497
923,23,41,Medium,100,58.83142857,4.003687586
924,24,41,Medium,50,60.44333333,7.519882535
925,25,41,Medium,50,64.4025,5.137505069
926,26,41,Medium,90,59.13375,6.765392899
927,27,41,Medium,60,50.9625,3.733312872
928,28,41,Medium,30,60.27333333,1.127135011
929,29,41,Medium,50,51.266,3.640512327
930,30,41,Medium,40,63.1525,4.712114706
931,31,41,Medium,10,NA,NA
932,32,41,Medium,40,43.8125,13.85167228
933,33,41,Medium,10,56.85,NA
934,34,41,Medium,20,34.68,NA
935,35,41,Medium,10,38.8,NA
936,36,41,Medium,0,NA,NA
937,37,41,Medium,0,NA,NA
938,38,41,Medium,0,NA,NA
945,12,42,Medium,30,66.46333333,3.156522348
946,13,42,Medium,60,75.58,9.313447267
947,14,42,Medium,130,66.51909091,5.552564191
948,15,42,Medium,70,64.6225,4.942970598
949,16,42,Medium,80,68.17,9.002662106
950,17,42,Medium,90,63.38428571,4.908400477
951,18,42,Medium,60,66.49,3.825454221
952,19,42,Medium,40,66.4525,6.930994998
953,20,42,Medium,40,61.155,7.232254144
954,21,42,Medium,50,62.02,2.993002951
955,22,42,Medium,90,60.12666667,11.16899757
956,23,42,Medium,50,61.25,13.28677789
957,24,42,Medium,120,57.9425,10.71328648
958,25,42,Medium,60,48.58,7.438763338
959,26,42,Medium,40,55.035,9.151555423
960,27,42,Medium,60,56.528,5.239138288
961,28,42,Medium,50,61.8925,4.621604159
962,29,42,Medium,40,49.19666667,5.867779251
963,30,42,Medium,20,40.21,NA
964,31,42,Medium,30,55.33333333,17.38589179
965,32,42,Medium,10,48.92,NA
966,33,42,Medium,40,49.5625,5.496401095
967,34,42,Medium,10,34.68,NA
968,35,42,Medium,30,39.81,5.726176735
969,36,42,Medium,10,36.04,NA
970,37,42,Medium,10,33.32,NA
971,38,42,Medium,0,NA,NA
972,39,42,Medium,0,NA,NA
979,12,44,Medium,90,69.63857143,6.498157248
980,13,44,Medium,50,56.74666667,5.597248133
981,14,44,Medium,60,70,2.559726548
982,15,44,Medium,40,65.03,4.46036994
983,16,44,Medium,50,69.95,11.29956636
984,17,44,Medium,90,61.075,7.559412298
985,18,44,Medium,70,63.65,3.731092333
986,19,44,Medium,70,69.38333333,4.518100633
987,20,44,Medium,60,65.328,6.286570607
988,21,44,Medium,40,60.97666667,2.531962348
989,22,44,Medium,60,56.24166667,4.663695602
990,23,44,Medium,100,58.52333333,5.486642872
991,24,44,Medium,130,62.52111111,3.248816879
992,25,44,Medium,80,59.34375,7.496648656
993,26,44,Medium,80,61.48833333,7.490912939
994,27,44,Medium,40,53.005,3.88836298
995,28,44,Medium,40,58.176,7.680731085
996,29,44,Medium,70,63.25666667,7.862253282
997,30,44,Medium,40,55.065,18.74540077
998,31,44,Medium,20,65.495,9.92070814
999,32,44,Medium,10,65.23,NA
1000,33,44,Medium,20,53.94333333,21.55107963
1001,34,44,Medium,0,NA,NA
1002,35,44,Medium,10,52.28,NA
1003,36,44,Medium,10,33.88,NA
1004,37,44,Medium,10,NA,NA
1005,38,44,Medium,0,NA,NA
1012,12,46,Slow,30,62.46666667,6.741263482
1013,13,46,Slow,90,65.598,7.594456531
1014,14,46,Slow,160,70.45111111,4.952381862
1015,15,46,Slow,50,54.96,NA
1016,16,46,Slow,70,60.62833333,3.216845764
1017,17,46,Slow,60,62.448,2.66705268
1018,18,46,Slow,60,65.145,7.276128778
1019,19,46,Slow,80,64.68142857,9.408700634
1020,20,46,Slow,100,63.36555556,4.803915359
1021,21,46,Slow,50,64.51333333,4.114429892
1022,22,46,Slow,120,60.86333333,8.917400593
1023,23,46,Slow,50,59.38,7.711851269
1024,24,46,Slow,80,66.51833333,8.476283187
1025,25,46,Slow,80,60.095,5.336533519
1026,26,46,Slow,40,62.235,4.0238663
1027,27,46,Slow,20,64.785,1.803122292
1028,28,46,Slow,50,63.9425,2.306994798
1029,29,46,Slow,20,57.72,NA
1030,30,46,Slow,50,59.48,4.883554034
1031,31,46,Slow,60,55.14666667,7.918600466
1032,32,46,Slow,60,61.5425,3.98836955
1033,33,46,Slow,10,56.06,NA
1034,34,46,Slow,20,63.23,0.113137085
1035,35,46,Slow,30,61.19,5.314047422
1036,36,46,Slow,10,60.24,NA
1037,37,46,Slow,10,NA,NA
1038,38,46,Slow,0,NA,NA
1039,39,46,Slow,0,NA,NA
1046,12,48,Slow,10,60.31,NA
1047,13,48,Slow,80,71.79375,8.296589553
1048,14,48,Slow,70,73.47428571,9.95810199
1049,15,48,Slow,80,60.8,5.369995345
1050,16,48,Slow,40,61.8,6.492970558
1051,17,48,Slow,80,61.752,14.96519696
1052,18,48,Slow,60,71.812,4.834415166
1053,19,48,Slow,110,64.7075,7.243144049
1054,20,48,Slow,80,64.124,5.757649694
1055,21,48,Slow,120,62.955,8.979439787
1056,22,48,Slow,60,58.565,4.228029092
1057,23,48,Slow,40,57.0175,6.533321641
1058,24,48,Slow,80,63.86428571,6.868592425
1059,25,48,Slow,90,63.752,5.158839017
1060,26,48,Slow,30,62.88,NA
1061,27,48,Slow,70,62.862,4.949456536
1062,28,48,Slow,50,58.9,NA
1063,29,48,Slow,80,57.925,3.379791414
1064,30,48,Slow,50,59.7925,8.476219185
1065,31,48,Slow,30,53.46333333,14.10870063
1066,32,48,Slow,50,58.584,14.92480921
1067,33,48,Slow,30,51.40333333,5.925017581
1068,34,48,Slow,40,60.705,6.122485879
1069,35,48,Slow,70,52.36,7.693321779
1070,36,48,Slow,30,58.47,14.27229134
1071,37,48,Slow,10,34.68,NA
1072,38,48,Slow,20,53.62,0.155563492
1073,39,48,Slow,10,48.28,NA
1074,40,48,Slow,10,NA,NA
1075,41,48,Slow,0,NA,NA
1076,42,48,Slow,0,NA,NA
1083,12,49,Slow,100,58.33375,10.95401288
1084,13,49,Slow,130,55.61555556,9.61045799
1085,14,49,Slow,130,64.1575,6.731718847
1086,15,49,Slow,120,62.98875,3.802613528
1087,16,49,Slow,50,61.3375,1.111526728
1088,17,49,Slow,100,63.95571429,8.815881232
1089,18,49,Slow,110,62.08111111,14.46059944
1090,19,49,Slow,70,NA,NA
1091,20,49,Slow,90,57.46,10.82987996
1092,21,49,Slow,150,56.44583333,7.098679081
1093,22,49,Slow,80,63.09142857,10.06696814
1094,23,49,Slow,100,63.66375,10.43299702
1095,24,49,Slow,90,64.58285714,7.93285933
1096,25,49,Slow,80,58.97857143,7.4824894
1097,26,49,Slow,70,62.33428571,7.053261319
1098,27,49,Slow,20,58.995,0.813172798
1099,28,49,Slow,50,57.9,9.560606675
1100,29,49,Slow,30,67.54,5.563530054
1101,30,49,Slow,60,55.86,17.15667606
1102,31,49,Slow,20,63.005,0.671751442
1103,32,49,Slow,30,68.66,2.446589463
1104,33,49,Slow,60,60.84833333,7.194001436
1105,34,49,Slow,20,56.795,20.34346209
1106,35,49,Slow,0,NA,NA
1107,36,49,Slow,30,65.135,1.364716088
1108,37,49,Slow,0,NA,NA
1109,38,49,Slow,10,NA,NA
1110,39,49,Slow,0,NA,NA
1111,40,49,Slow,10,39.13,NA
1112,41,49,Slow,10,46.71,NA
1113,42,49,Slow,10,35.63,NA
1114,43,49,Slow,0,NA,NA
1121,12,53,Slow,100,55.95,NA
1122,13,53,Slow,80,62.20857143,5.593315739
1123,14,53,Slow,120,65.09333333,6.299059454
1124,15,53,Slow,130,55.52230769,11.19548358
1125,16,53,Slow,190,56.463,6.284625066
1126,17,53,Slow,100,63.77333333,3.063231409
1127,18,53,Slow,130,66.305,9.07865779
1128,19,53,Slow,100,63.80125,9.884295535
1129,20,53,Slow,80,68.958,5.979495798
1130,21,53,Slow,80,70.705,13.2402247
1131,22,53,Slow,70,68.4525,10.93187503
1132,23,53,Slow,90,63.81375,9.745749165
1133,24,53,Slow,50,69.085,1.956212327
1134,25,53,Slow,40,59.98333333,1.657478004
1135,26,53,Slow,30,67.38666667,9.477796861
1136,27,53,Slow,50,64.1625,4.884897645
1137,28,53,Slow,50,59.63666667,5.250336497
1138,29,53,Slow,50,55.91666667,9.814384002
1139,30,53,Slow,30,68.775,1.732411614
1140,31,53,Slow,20,77.8,NA
1141,32,53,Slow,30,61.81333333,3.767045704
1142,33,53,Slow,70,52.44833333,11.48900764
1143,34,53,Slow,20,NA,NA
1144,35,53,Slow,40,49.39,17.25340546
1145,36,53,Slow,20,NA,NA
1146,37,53,Slow,20,58.945,25.26492529
1147,38,53,Slow,20,45.73,5.529575029
1148,39,53,Slow,10,NA,NA
1149,40,53,Slow,10,NA,NA
1150,41,53,Slow,0,NA,NA
1151,42,53,Slow,0,NA,NA
1158,12,55,Slow,40,65.6375,4.222892966
1159,13,55,Slow,80,65.278,7.540362723
1160,14,55,Slow,60,69.874,4.245171375
1161,15,55,Slow,30,62,6.395709499
1162,16,55,Slow,70,62.79,11.64323623
1163,17,55,Slow,40,67.515,6.583164133
1164,18,55,Slow,60,72.3375,6.060948083
1165,19,55,Slow,50,68.386,6.063846139
1166,20,55,Slow,10,59.21,NA
1167,21,55,Slow,70,66.895,12.45108161
1168,22,55,Slow,60,62.026,6.954346123
1169,23,55,Slow,10,NA,NA
1170,24,55,Slow,120,62.061,6.605742367
1171,25,55,Slow,50,66.58,8.577009969
1172,26,55,Slow,50,56.395,3.296730704
1173,27,55,Slow,60,54.98,5.006316011
1174,28,55,Slow,60,56.455,4.728498705
1175,29,55,Slow,40,55.3175,10.33409043
1176,30,55,Slow,50,60.92333333,3.384912604
1177,31,55,Slow,10,35.76,NA
1178,32,55,Slow,30,61.3,5.924964135
1179,33,55,Slow,40,63.67,9.217326076
1180,34,55,Slow,30,59.64666667,9.212471619
1181,35,55,Slow,10,NA,NA
1182,36,55,Slow,20,64.925,6.97914393
1183,37,55,Slow,0,NA,NA
1184,38,55,Slow,30,61.33333333,9.956090263
1185,39,55,Slow,0,NA,NA
1192,12,56,Slow,10,85.83,NA
1193,13,56,Slow,70,67.96857143,3.647019004
1194,14,56,Slow,50,72.52666667,8.4972015
1195,15,56,Slow,20,67.88,NA
1196,16,56,Slow,30,66.33,NA
1197,17,56,Slow,10,NA,NA
1198,18,56,Slow,80,67.21166667,7.948266268
1199,19,56,Slow,50,73.046,5.007687091
1200,20,56,Slow,30,61.82,1.060660172
1201,21,56,Slow,30,NA,NA
1202,22,56,Slow,30,65.63333333,8.64077157
1203,23,56,Slow,30,68.77333333,2.568293856
1204,24,56,Slow,60,66.5075,8.708506856
1205,25,56,Slow,30,62.56666667,4.072914599
1206,26,56,Slow,40,58.185,3.443610024
1207,27,56,Slow,30,71.22,1.003543721
1208,28,56,Slow,20,59.96,NA
1209,29,56,Slow,30,69.68666667,1.995252699
1210,30,56,Slow,60,66.038,8.264893829
1211,31,56,Slow,60,59.70166667,6.20125283
1212,32,56,Slow,20,NA,NA
1213,33,56,Slow,10,61.79,NA
1214,34,56,Slow,10,64.42,NA
1215,35,56,Slow,10,53.9,NA
1216,36,56,Slow,20,55.455,9.383306986
1217,37,56,Slow,20,73.425,5.027529214
1218,38,56,Slow,0,NA,NA
1219,39,56,Slow,0,NA,NA
1226,12,57,Slow,80,56.255,7.457661162
1227,13,57,Slow,190,59.58133333,4.803504475
1228,14,57,Slow,60,62.84833333,9.255116243
1229,15,57,Slow,100,57.47333333,7.968454472
1230,16,57,Slow,90,58.39375,12.95801455
1231,17,57,Slow,60,62.6125,10.88830068
1232,18,57,Slow,40,63.6875,3.375158021
1233,19,57,Slow,90,63.06333333,3.902849386
1234,20,57,Slow,50,63.258,6.226027626
1235,21,57,Slow,40,64.87,9.665178046
1236,22,57,Slow,70,56.97666667,9.814755898
1237,23,57,Slow,40,62.145,1.944543648
1238,24,57,Slow,110,62.16285714,7.74676215
1239,25,57,Slow,100,58.73555556,5.481934219
1240,26,57,Slow,50,50.3925,5.648842802
1241,27,57,Slow,100,57.855,0.756604256
1242,28,57,Slow,70,54.62,6.576407327
1243,29,57,Slow,90,56.43125,6.747277626
1244,30,57,Slow,10,66.69,NA
1245,31,57,Slow,70,61.14571429,4.651501038
1246,32,57,Slow,50,48.28,12.94244439
1247,33,57,Slow,10,51.43,NA
1248,34,57,Slow,40,51.055,11.93873946
1249,35,57,Slow,40,57.025,10.00958707
1250,36,57,Slow,90,45.665,9.626498325
1251,37,57,Slow,10,51.33,NA
1252,38,57,Slow,0,NA,NA
1253,39,57,Slow,10,30.6,NA
1254,40,57,Slow,10,34.13,NA
1255,41,57,Slow,10,NA,NA
1256,42,57,Slow,0,NA,NA
1257,43,57,Slow,0,NA,NA
1264,12,59,Slow,80,62.56666667,11.43878082
1265,13,59,Slow,80,60.7675,9.949882627
1266,14,59,Slow,110,66.69,5.442887889
1267,15,59,Slow,30,66.93,7.858072283
1268,16,59,Slow,120,61.76166667,4.19571885
1269,17,59,Slow,70,63.906,3.429231692
1270,18,59,Slow,110,67.9225,6.181148183
1271,19,59,Slow,110,64.77125,10.04084009
1272,20,59,Slow,80,64.05666667,6.942298371
1273,21,59,Slow,110,61.43833333,9.878245627
1274,22,59,Slow,110,58.84625,5.534230976
1275,23,59,Slow,40,64.2,0.311126984
1276,24,59,Slow,90,58.085,8.792945224
1277,25,59,Slow,90,58.32571429,4.365408943
1278,26,59,Slow,50,59.16666667,4.220856943
1279,27,59,Slow,60,58.0575,2.613431652
1280,28,59,Slow,40,56.3625,2.145838997
1281,29,59,Slow,60,55.04333333,10.32446932
1282,30,59,Slow,90,59.12571429,10.04629261
1283,31,59,Slow,60,54.184,12.61412026
1284,32,59,Slow,40,67.60333333,8.645960521
1285,33,59,Slow,60,47.765,12.55757009
1286,34,59,Slow,40,62.365,8.685226921
1287,35,59,Slow,20,45.165,12.62185604
1288,36,59,Slow,30,37.4,NA
1289,37,59,Slow,30,52.63333333,5.066964904
1290,38,59,Slow,10,50.61,NA
1291,39,59,Slow,10,NA,NA
1292,40,59,Slow,20,39.915,6.059905115
1293,41,59,Slow,0,NA,NA
1294,42,59,Slow,0,NA,NA